2.933201193809509277e-01,1.322306990623474121e-01,3.355801999568939209e-01,3.115263395011425018e-02,2.175444215536117554e-01,5.238967016339302063e-02,1.300193369388580322e-01,2.097377032041549683e-01,5.552653968334197998e-02,-1.983011960983276367e-01,1.692818999290466309e-01,1.573884934186935425e-01,-5.520570650696754456e-02,1.211077570915222168e-01,5.308554172515869141e-01,-2.577221691608428955e-01,1.946216672658920288e-01,7.446638494729995728e-02,4.782620966434478760e-01,1.298409104347229004e-01,7.462810724973678589e-02,3.665599822998046875e-01,2.589250206947326660e-01,-3.239359557628631592e-01,8.404695242643356323e-02,1.527584195137023926e-01,-3.246618062257766724e-02,-1.107897460460662842e-01,-2.553895302116870880e-02,-2.675938308238983154e-01,9.279526770114898682e-03,2.961850762367248535e-01,-2.330949902534484863e-01,2.111591398715972900e-02,8.764620125293731689e-02,-5.490508675575256348e-02,-1.660614274442195892e-02,4.443691298365592957e-02,5.677269026637077332e-02,-1.323217600584030151e-01,1.971665173768997192e-01,-6.069135665893554688e-02,-2.597989439964294434e-01,4.959547892212867737e-02,-3.443161549512296915e-04,-9.979714453220367432e-02,1.568336486816406250e-01,4.219178855419158936e-01,5.452074855566024780e-02,1.701937913894653320e-01,-2.245409786701202393e-01,-1.614844650030136108e-01,-2.966135442256927490e-01,1.419584453105926514e-01,-3.756507337093353271e-01,3.415162265300750732e-01,4.409307241439819336e-01,-1.424003541469573975e-01,4.288363084197044373e-02,1.760229319334030151e-01,-2.150218635797500610e-01,1.926267892122268677e-01,1.730887591838836670e-01,1.872616261243820190e-02,-1.913423538208007812e-01,8.974590152502059937e-02,-5.275446549057960510e-02,-2.374095469713211060e-02,-3.631810424849390984e-03,-1.627962477505207062e-02,9.945113211870193481e-02,-7.788810133934020996e-02,6.198387965559959412e-02,-5.529370903968811035e-02,3.145761489868164062e-01,-2.119726985692977905e-01,1.477742344141006470e-01,1.138865128159523010e-01,4.142980277538299561e-01,4.522954821586608887e-01,-1.946783959865570068e-01,-4.167376458644866943e-02,2.651754952967166901e-02,5.367198958992958069e-02,-5.821100994944572449e-02,-3.401093930006027222e-02,8.519995957612991333e-02,-1.230553165078163147e-01,2.984515428543090820e-01,2.836998403072357178e-01,-2.462043762207031250e-01,-3.293184340000152588e-01,-8.718243241310119629e-02,-4.272584617137908936e-02,-1.216320618987083435e-01,1.083974540233612061e-01,3.002553014084696770e-03,-2.127313911914825439e-01,-1.000461280345916748e-01,-3.326838463544845581e-02
2.143794000148773193e-01,4.027269780635833740e-01,-4.945348501205444336e-01,9.412361681461334229e-02,-5.529820546507835388e-02,-5.475127696990966797e-01,-6.527138501405715942e-02,-1.360834836959838867e-01,3.194991350173950195e-01,-4.451764225959777832e-01,-1.387558132410049438e-01,-4.123990237712860107e-02,2.604011818766593933e-02,-2.964109480381011963e-01,1.706828325986862183e-01,1.267286539077758789e-01,3.815171718597412109e-01,4.009684622287750244e-01,9.944660961627960205e-02,-5.008124113082885742e-01,-1.146387681365013123e-01,-1.669659316539764404e-01,1.506533846259117126e-02,-1.342932730913162231e-01,-3.987885639071464539e-02,4.285063967108726501e-02,2.005623579025268555e-01,5.884884670376777649e-02,-3.047466874122619629e-01,5.866770446300506592e-02,2.416146397590637207e-01,-3.824505805969238281e-01,1.538658142089843750e-01,1.312800347805023193e-01,2.661677002906799316e-01,2.087452411651611328e-01,-1.067113690078258514e-02,1.118715927004814148e-01,4.102240800857543945e-01,1.240845993161201477e-01,-3.211960792541503906e-01,1.612849980592727661e-01,2.557871676981449127e-02,-4.878954589366912842e-01,1.789194047451019287e-01,2.042779326438903809e-02,-2.542341649532318115e-01,-4.863560795783996582e-01,2.483659833669662476e-01,-3.290269076824188232e-01,1.104337647557258606e-01,6.287650205194950104e-03,-3.126316964626312256e-01,2.363487333059310913e-02,6.550448387861251831e-02,1.167720705270767212e-01,-3.876030445098876953e-01,1.811364740133285522e-01,-1.971417665481567383e-01,-8.838668465614318848e-02,-1.984249055385589600e-02,7.152893394231796265e-02,-1.005100756883621216e-01,-3.928214311599731445e-02,2.598322927951812744e-01,-7.317885160446166992e-01,-2.536936998367309570e-01,7.456057518720626831e-02,1.150784716010093689e-01,-7.893147319555282593e-02,1.895239800214767456e-01,-3.151331245899200439e-01,5.235798284411430359e-02,5.205823183059692383e-01,1.030111312866210938e-01,-1.297930721193552017e-02,-9.624151140451431274e-02,7.481748610734939575e-02,-1.403801292181015015e-01,-8.658542484045028687e-02,3.445260524749755859e-01,-2.022100538015365601e-01,2.201536297798156738e-01,-2.927344143390655518e-01,2.163966596126556396e-01,2.509356141090393066e-01,3.708426058292388916e-01,-3.195694386959075928e-01,3.530586361885070801e-01,2.840857803821563721e-01,1.763921231031417847e-01,7.938536256551742554e-02,-1.118552982807159424e-01,1.096619367599487305e-01,2.573370635509490967e-01,2.292755246162414551e-01,-1.538055390119552612e-01,-3.329343199729919434e-01,2.312161475419998169e-01,2.195575237274169922e-01
1.047987341880798340e-01,1.627857685089111328e-01,-6.482092197984457016e-03,2.371769845485687256e-01,1.806480139493942261e-01,-5.198093131184577942e-02,1.391974091529846191e-01,-2.034130096435546875e-01,-3.695257306098937988e-01,-2.593746595084667206e-02,1.496318131685256958e-01,2.980202808976173401e-02,-2.251806259155273438e-01,-1.738018393516540527e-01,4.877075925469398499e-02,1.620969772338867188e-01,3.005099594593048096e-01,-1.385518610477447510e-01,1.229066625237464905e-01,4.427141845226287842e-01,-4.697486758232116699e-02,-8.912228047847747803e-02,1.260946989059448242e-01,-5.073281377553939819e-02,-6.656648591160774231e-03,-2.223620414733886719e-01,6.796000152826309204e-02,-2.705058157444000244e-01,1.384634971618652344e-01,-3.248568475246429443e-01,-6.347304582595825195e-02,-9.353642910718917847e-02,-9.827626496553421021e-02,-7.634857296943664551e-02,-5.953712016344070435e-02,-2.310495972633361816e-01,2.786198556423187256e-01,-4.637779593467712402e-01,5.079100728034973145e-01,8.621671050786972046e-02,-5.520383268594741821e-02,-5.163465812802314758e-02,1.990021467208862305e-01,3.025738596916198730e-01,-5.289362743496894836e-02,3.665619194507598877e-01,1.766552776098251343e-01,5.483317188918590546e-03,5.099219828844070435e-02,-3.425157368183135986e-01,1.135079562664031982e-01,3.132367506623268127e-02,2.470699548721313477e-01,2.423139065504074097e-01,1.602172255516052246e-01,2.384008169174194336e-01,-7.686348259449005127e-02,-3.452678024768829346e-01,-7.646225392818450928e-02,-1.281344890594482422e-01,1.212969943881034851e-01,-2.131247818470001221e-01,-9.674013406038284302e-02,-1.902162134647369385e-01,2.853969037532806396e-01,-5.183399654924869537e-03,2.626506984233856201e-01,3.107018768787384033e-02,-3.489133119583129883e-01,1.408979892730712891e-01,-9.136643260717391968e-03,1.915650367736816406e-01,9.373714029788970947e-02,-2.070743590593338013e-01,-1.636166125535964966e-01,-2.398456782102584839e-01,-3.201127946376800537e-01,-8.734864741563796997e-02,-3.055804967880249023e-01,-5.823234841227531433e-02,-2.316215187311172485e-01,-1.574691943824291229e-02,-4.020804464817047119e-01,-9.717785567045211792e-02,5.325496196746826172e-02,-2.698659300804138184e-01,-1.975369602441787720e-01,-3.598116040229797363e-01,-3.826473653316497803e-02,-3.805418014526367188e-01,-9.933372586965560913e-02,1.336681991815567017e-01,4.681810736656188965e-01,-5.065117496997117996e-03,-4.053621292114257812e-01,-3.496490418910980225e-01,-3.363887965679168701e-01,7.417155802249908447e-02,-2.651377618312835693e-01,-1.563272476196289062e-01
4.183045923709869385e-01,7.826720178127288818e-02,-3.216227293014526367e-01,-2.674893736839294434e-01,-1.543549001216888428e-01,-3.686845004558563232e-01,-1.742008924484252930e-01,2.837127149105072021e-01,9.637171030044555664e-02,-1.207345351576805115e-01,-4.536051750183105469e-01,3.295652270317077637e-01,-2.001150697469711304e-01,1.636379957199096680e-02,6.719584017992019653e-02,-7.538868486881256104e-02,3.114797361195087433e-02,1.779184788465499878e-01,-4.075241684913635254e-01,1.523773074150085449e-01,-4.167452454566955566e-01,-2.215962707996368408e-01,5.287418961524963379e-01,8.463197946548461914e-02,-7.413180917501449585e-02,3.434653580188751221e-01,-1.295831203460693359e-01,-1.781700551509857178e-01,-4.759624898433685303e-01,-9.131665527820587158e-02,-1.188557408750057220e-02,8.340103924274444580e-02,2.479455173015594482e-01,2.148652821779251099e-01,-5.664448738098144531e-01,1.706011891365051270e-01,-5.416906625032424927e-02,2.924555540084838867e-01,-5.447441935539245605e-01,-6.010209321975708008e-01,-3.553470373153686523e-01,4.839073717594146729e-01,7.270322740077972412e-02,-4.811161458492279053e-01,2.309979051351547241e-01,-4.154568910598754883e-01,4.443156421184539795e-01,-3.555625379085540771e-01,4.863658547401428223e-01,-1.126722991466522217e-01,-3.195568621158599854e-01,4.835929870605468750e-01,-6.749272942543029785e-01,-2.045215219259262085e-01,-3.611169457435607910e-01,5.267915725708007812e-01,1.386384069919586182e-01,1.890140026807785034e-01,2.340997196733951569e-02,-4.372299015522003174e-01,-2.261495590209960938e-01,3.597922325134277344e-01,1.292736828327178955e-01,-7.815066725015640259e-02,-6.124947071075439453e-01,2.763257622718811035e-01,1.410913765430450439e-01,-1.462780088186264038e-01,2.070775628089904785e-01,-2.403053641319274902e-01,-2.746398448944091797e-01,-2.495191097259521484e-01,3.198175132274627686e-01,1.212807223200798035e-01,-2.142868787050247192e-01,1.731492727994918823e-01,5.853787064552307129e-01,-1.261671185493469238e-01,1.591863632202148438e-01,1.626988053321838379e-01,-1.624386757612228394e-01,-1.117947399616241455e-01,1.004547253251075745e-01,4.397813975811004639e-01,3.404532670974731445e-01,-1.008956208825111389e-01,-4.380747675895690918e-01,-4.652888327836990356e-02,-2.182805445045232773e-03,1.561168730258941650e-01,3.915940821170806885e-01,-3.027700483798980713e-01,3.221465945243835449e-01,-1.531815379858016968e-01,-1.854490488767623901e-01,-1.027886942028999329e-02,3.480418324470520020e-01,-5.165516138076782227e-01,1.998596340417861938e-01,-3.663747757673263550e-02
9.677907824516296387e-02,7.572686672210693359e-02,3.616580367088317871e-01,-6.672085821628570557e-02,-4.348477125167846680e-01,-6.939446926116943359e-02,1.182531192898750305e-02,-2.454113364219665527e-01,1.153981015086174011e-01,-1.735403537750244141e-01,1.027918756008148193e-01,-5.722594261169433594e-02,-6.097440123558044434e-01,-8.707022666931152344e-02,1.154708266258239746e-01,2.692050337791442871e-01,-1.099663004279136658e-01,-3.655727803707122803e-01,-1.137019395828247070e-01,6.943764537572860718e-02,4.309600219130516052e-02,1.515957415103912354e-01,-7.055734843015670776e-02,-7.819460332393646240e-02,5.743929371237754822e-02,-1.875197887420654297e-01,3.159865736961364746e-01,-1.669676452875137329e-01,3.239037692546844482e-01,-4.222348034381866455e-01,2.856487929821014404e-01,6.632758677005767822e-02,4.500379040837287903e-02,2.535608708858489990e-01,-1.990171521902084351e-01,-1.152529940009117126e-01,1.431956887245178223e-01,-1.615549921989440918e-01,3.551182746887207031e-01,2.243026643991470337e-01,-3.625010550022125244e-01,-7.551752775907516479e-02,3.620864450931549072e-01,7.249104976654052734e-02,-1.238728836178779602e-01,1.993409544229507446e-01,1.676897704601287842e-01,-1.087022870779037476e-01,-1.420227438211441040e-01,6.602771580219268799e-02,2.581459283828735352e-01,-1.500649750232696533e-01,1.572279483079910278e-01,3.519987165927886963e-01,6.567505747079849243e-02,2.786584571003913879e-02,1.619360782206058502e-02,-1.971148252487182617e-01,-4.301663860678672791e-02,-5.294052138924598694e-02,1.694837063550949097e-01,-4.617993831634521484e-01,7.505393028259277344e-02,-3.772412240505218506e-01,-5.646908655762672424e-02,-3.095199763774871826e-01,4.411395490169525146e-01,-6.532044708728790283e-02,-2.823528051376342773e-01,1.104388236999511719e-01,-9.021885693073272705e-02,4.981096088886260986e-02,3.386240601539611816e-01,-4.008822441101074219e-01,-5.397452786564826965e-02,-2.182675153017044067e-01,-8.195926994085311890e-02,-2.276346683502197266e-01,1.955699175596237183e-01,8.479855209589004517e-02,-1.752905547618865967e-01,-3.052359521389007568e-01,-4.895863309502601624e-02,-1.736789345741271973e-01,2.108779549598693848e-02,4.497161880135536194e-02,-1.266307085752487183e-01,-6.200072765350341797e-01,5.584330856800079346e-02,-1.071566939353942871e-01,-1.160154119133949280e-01,3.153680264949798584e-01,2.148501873016357422e-01,3.920360002666711807e-03,1.080705150961875916e-01,1.907024085521697998e-01,-3.587976470589637756e-02,-2.189375311136245728e-01,-3.233613371849060059e-01,8.706006407737731934e-02
3.214682638645172119e-02,6.022892892360687256e-02,6.528740376234054565e-02,-2.586987614631652832e-01,-1.629630774259567261e-01,-7.446823269128799438e-02,-1.570935696363449097e-01,1.339271664619445801e-02,6.010274887084960938e-01,3.526433706283569336e-01,7.587606459856033325e-02,-1.376109421253204346e-01,6.528287380933761597e-02,1.319640129804611206e-02,3.862934410572052002e-01,1.978796422481536865e-01,1.115337237715721130e-01,8.205407857894897461e-02,-1.802289038896560669e-01,-2.850688807666301727e-02,5.169110894203186035e-01,2.359992638230323792e-02,-2.100816667079925537e-01,-1.650473326444625854e-01,6.891584396362304688e-02,-2.994495034217834473e-01,-6.475318223237991333e-02,1.122519224882125854e-01,-3.385914117097854614e-02,-2.229818552732467651e-01,4.709850847721099854e-01,-3.112053573131561279e-01,-1.501973122358322144e-01,7.310824841260910034e-02,-8.656923472881317139e-02,-1.240421533584594727e-01,2.519560456275939941e-01,3.598836436867713928e-02,-3.370245993137359619e-01,5.964776873588562012e-02,1.609951257705688477e-01,1.875306367874145508e-01,-3.132776618003845215e-01,4.489931836724281311e-02,5.694917961955070496e-02,-2.445818632841110229e-01,-1.292346566915512085e-01,8.614992350339889526e-02,-1.447699666023254395e-01,-3.265752196311950684e-01,2.213600575923919678e-01,-3.027210235595703125e-01,-3.215050399303436279e-01,2.880490124225616455e-01,-3.308569192886352539e-01,-3.018681406974792480e-01,9.591318666934967041e-02,-3.168547749519348145e-01,2.079856544733047485e-01,1.558384597301483154e-01,4.009543359279632568e-01,1.824602484703063965e-02,-1.060278117656707764e-01,5.091293156147003174e-02,7.690632715821266174e-03,-1.588213443756103516e-01,3.644837737083435059e-01,-2.314478456974029541e-01,3.886547386646270752e-01,3.045789338648319244e-02,1.629203907214105129e-03,1.894306689500808716e-01,1.066423580050468445e-01,-4.058628156781196594e-02,3.616122901439666748e-01,2.350696176290512085e-02,-3.460625931620597839e-02,-2.094223797321319580e-01,-5.463740825653076172e-01,1.221274137496948242e-01,-1.952509023249149323e-02,1.482693850994110107e-01,1.071510687470436096e-01,7.245814800262451172e-02,7.321437448263168335e-02,1.630509048700332642e-01,2.402712553739547729e-01,4.030414298176765442e-02,5.155891776084899902e-01,6.432650983333587646e-02,-2.352573722600936890e-01,5.669892579317092896e-02,-2.622037231922149658e-01,3.802763223648071289e-01,1.184646338224411011e-01,2.997744977474212646e-01,-1.480912715196609497e-01,4.177452251315116882e-02,-5.952538847923278809e-01,2.369823120534420013e-02
-2.928762137889862061e-01,2.865351140499114990e-01,-4.797376692295074463e-02,-2.513808608055114746e-01,3.280565142631530762e-01,-3.527388274669647217e-01,-2.251580357551574707e-01,-1.997545957565307617e-01,-5.022551491856575012e-02,-5.168976187705993652e-01,-1.750178635120391846e-01,3.416514098644256592e-01,-5.066583156585693359e-01,5.195542052388191223e-02,8.161534368991851807e-02,5.691174864768981934e-01,1.983078867197036743e-01,-7.605886459350585938e-02,-5.785212293267250061e-02,3.734674453735351562e-01,5.531942248344421387e-01,-5.342625379562377930e-01,1.055210232734680176e-01,3.982265666127204895e-02,1.240782886743545532e-01,2.494728714227676392e-01,-4.438943862915039062e-01,1.073900535702705383e-01,1.471041887998580933e-01,-7.165011763572692871e-01,-9.014977514743804932e-02,2.440143674612045288e-01,1.958495080471038818e-01,8.410520106554031372e-02,8.589535951614379883e-02,-1.647900789976119995e-02,5.781344175338745117e-01,8.741394430398941040e-02,2.218715697526931763e-01,-2.439687103033065796e-01,-7.459568977355957031e-02,1.162212863564491272e-01,-2.521007359027862549e-01,-1.877561397850513458e-02,-3.815823048353195190e-02,-6.927534472197294235e-03,-5.784578621387481689e-02,3.006159067153930664e-01,-2.315704971551895142e-01,-1.027597486972808838e-01,7.325414568185806274e-02,-2.697059810161590576e-01,-3.840965032577514648e-01,3.702904284000396729e-01,-2.454301267862319946e-01,3.709645867347717285e-01,-2.553422749042510986e-01,-1.396032422780990601e-01,3.242441117763519287e-01,7.130824029445648193e-02,2.271598875522613525e-01,1.502424478530883789e-01,1.562992930412292480e-01,-2.454237192869186401e-01,2.473694533109664917e-01,-1.759862899780273438e-02,-3.620761334896087646e-01,1.847475916147232056e-01,-2.205074578523635864e-01,3.690372109413146973e-01,3.947847485542297363e-01,-3.212490081787109375e-01,-1.092341616749763489e-01,2.955421805381774902e-01,-9.224205464124679565e-02,-1.718521416187286377e-01,-1.774898916482925415e-01,-1.248963922262191772e-02,-2.337373942136764526e-01,-3.168718814849853516e-01,1.514815390110015869e-01,1.015326157212257385e-01,-4.522047191858291626e-02,-2.063767611980438232e-02,-8.930552750825881958e-02,3.501379862427711487e-03,3.246470540761947632e-02,-1.316320449113845825e-01,1.580289602279663086e-01,1.165908761322498322e-02,-1.630128622055053711e-01,-1.727923452854156494e-01,2.257676608860492706e-02,4.918684717267751694e-03,-2.760022580623626709e-01,-9.558750316500663757e-03,5.527734756469726562e-03,-4.471911787986755371e-01,-1.108392253518104553e-01,2.661963105201721191e-01
9.404959529638290405e-02,3.512887284159660339e-02,-9.254489839076995850e-02,-2.822583913803100586e-01,1.381746530532836914e-01,-7.577923685312271118e-02,-1.810321062803268433e-01,3.527067229151725769e-02,8.628159016370773315e-02,-3.830278664827346802e-02,-3.884066045284271240e-01,-1.756384223699569702e-01,1.319638043642044067e-01,-2.814582362771034241e-02,3.239287734031677246e-01,1.427626758813858032e-01,1.835351735353469849e-01,3.169569373130798340e-01,-7.007451727986335754e-03,-2.802205085754394531e-01,1.788230240345001221e-01,1.823409944772720337e-01,1.761102117598056793e-02,-2.514825165271759033e-01,3.378051519393920898e-02,4.209946691989898682e-01,2.632792592048645020e-01,-3.445909242145717144e-04,-1.337452083826065063e-01,-1.670288853347301483e-02,-1.643988788127899170e-01,4.085506312549114227e-03,-3.916485905647277832e-01,1.402760017663240433e-02,3.038227260112762451e-01,-2.961156666278839111e-01,2.973756194114685059e-01,6.156872026622295380e-03,-4.770143032073974609e-01,1.444136500358581543e-01,3.136999160051345825e-02,2.328306622803211212e-02,-2.457236498594284058e-01,3.287610411643981934e-01,1.542303860187530518e-01,-1.809815317392349243e-01,-5.791923999786376953e-01,-7.679352164268493652e-02,2.027962803840637207e-01,-3.774496018886566162e-01,1.138054132461547852e-01,9.208045154809951782e-02,-1.186131387948989868e-01,-4.608369767665863037e-01,-3.824376165866851807e-01,-5.289912596344947815e-02,2.007344365119934082e-02,7.453560084104537964e-02,4.957806318998336792e-02,3.149663507938385010e-01,-1.257386654615402222e-01,5.504172444343566895e-01,1.821752935647964478e-01,1.029281839728355408e-01,9.430035948753356934e-02,-1.487471908330917358e-01,-1.153737530112266541e-01,6.062356382608413696e-02,2.466495633125305176e-01,-2.888444960117340088e-01,-3.525282070040702820e-02,-3.190049529075622559e-01,-9.705473482608795166e-02,7.573623061180114746e-01,-2.083835601806640625e-01,1.578105390071868896e-01,-2.878453135490417480e-01,4.637117683887481689e-01,-3.729897737503051758e-01,-1.698792576789855957e-01,-3.149364888668060303e-01,2.227452397346496582e-01,2.725942432880401611e-01,4.369953572750091553e-01,-5.528687313199043274e-02,2.027624398469924927e-01,5.687747597694396973e-01,5.097558498382568359e-01,2.331244647502899170e-01,-1.165341138839721680e-01,2.512727081775665283e-01,-1.742465496063232422e-01,1.013824790716171265e-01,1.029853001236915588e-01,1.695126593112945557e-01,2.949139177799224854e-01,2.768581807613372803e-01,-1.122616082429885864e-01,3.759240508079528809e-01,1.538453251123428345e-01
-5.532981082797050476e-02,-1.289539486169815063e-01,-1.147226914763450623e-01,-1.636527925729751587e-01,-1.372430026531219482e-01,-1.747716367244720459e-01,-1.920286864042282104e-01,3.234277367591857910e-01,-2.938263714313507080e-01,4.547329246997833252e-01,1.945212483406066895e-03,-1.672223657369613647e-01,3.308467864990234375e-01,-1.728366762399673462e-01,-4.158067703247070312e-01,-8.242956548929214478e-02,-1.108962371945381165e-01,-2.841452062129974365e-01,-8.648575842380523682e-02,7.659025490283966064e-02,3.388892859220504761e-02,7.460550069808959961e-01,-1.664336472749710083e-01,-2.648652791976928711e-01,-1.785643398761749268e-01,1.268307268619537354e-01,-9.773229062557220459e-02,2.672751545906066895e-01,-7.973300665616989136e-02,4.463335871696472168e-01,-2.876305282115936279e-01,-2.564496397972106934e-01,-5.264702811837196350e-02,-4.620581865310668945e-02,-1.132579371333122253e-01,7.538791745901107788e-02,-1.932271420955657959e-01,-5.194181799888610840e-01,-3.314853310585021973e-01,-3.751749992370605469e-01,5.468333363533020020e-01,4.079923927783966064e-01,-1.041453406214714050e-01,-2.704250253736972809e-02,2.887101173400878906e-01,4.873017221689224243e-02,2.940644323825836182e-01,-4.998760521411895752e-01,4.806095063686370850e-01,3.794436529278755188e-02,-4.814518243074417114e-02,3.494530320167541504e-01,3.801314234733581543e-01,2.633406817913055420e-01,2.887387573719024658e-01,4.752078093588352203e-03,-2.546431720256805420e-01,6.430891752243041992e-01,-2.528215348720550537e-01,-1.753221601247787476e-01,8.748884499073028564e-02,3.683107197284698486e-01,-1.035384759306907654e-01,3.615363240242004395e-01,-9.897831827402114868e-02,1.256619691848754883e-01,3.699140250682830811e-01,3.908451497554779053e-01,2.339820116758346558e-01,3.063396811485290527e-01,-1.323247104883193970e-01,2.161209434270858765e-01,-1.817548274993896484e-01,-8.298151195049285889e-02,6.906621158123016357e-02,2.879299223423004150e-01,-9.035535901784896851e-02,-1.656534671783447266e-01,-2.317102402448654175e-01,1.409889608621597290e-01,3.399351239204406738e-01,-6.579446047544479370e-02,9.665252268314361572e-02,-9.180296957492828369e-02,4.975181072950363159e-02,-6.226667389273643494e-02,-3.038361668586730957e-01,-1.450458914041519165e-01,4.619440138339996338e-01,-7.237543910741806030e-02,3.927838802337646484e-01,-1.061707735061645508e-01,-4.180612508207559586e-03,-5.548652634024620056e-02,9.273687750101089478e-02,4.215610027313232422e-02,-6.282337941229343414e-03,-1.067792437970638275e-02,7.909101992845535278e-02,-3.840570449829101562e-01
4.189512506127357483e-02,5.916612595319747925e-02,-2.710100412368774414e-01,-2.942534908652305603e-02,1.799535751342773438e-01,-1.665507107973098755e-01,4.256987944245338440e-02,-1.578954458236694336e-01,-2.163512259721755981e-01,-1.636207103729248047e-01,-4.983892198652029037e-03,2.178467214107513428e-01,6.912931799888610840e-02,-2.692406997084617615e-02,-8.596227318048477173e-02,-1.100744754076004028e-01,4.647495225071907043e-02,7.796365767717361450e-02,3.479241952300071716e-02,1.288732886314392090e-01,-3.010836839675903320e-01,-2.706417441368103027e-01,2.425214275717735291e-02,-4.069426357746124268e-01,7.279528677463531494e-02,2.531232237815856934e-01,2.354062162339687347e-02,-1.349314814433455467e-03,-1.710529923439025879e-01,4.728649556636810303e-02,-4.231907725334167480e-01,2.269329428672790527e-01,2.640371322631835938e-01,-1.407389044761657715e-01,-2.384422719478607178e-01,4.315035939216613770e-01,2.282109558582305908e-01,2.311314223334193230e-03,2.620269954204559326e-01,-4.234010577201843262e-01,-7.794228941202163696e-02,3.419509828090667725e-01,-2.891664803028106689e-01,-2.958977222442626953e-01,1.912827342748641968e-01,-1.619712561368942261e-01,3.311116695404052734e-01,4.296039417386054993e-02,3.566863834857940674e-01,1.327510476112365723e-01,-2.358452975749969482e-01,1.732209473848342896e-01,-9.330179542303085327e-02,-4.977297410368919373e-02,4.464552700519561768e-01,1.706094294786453247e-01,7.147929072380065918e-02,3.234324157238006592e-01,-1.958002448081970215e-01,1.603242456912994385e-01,-4.826932549476623535e-01,-1.236239373683929443e-01,2.626987174153327942e-02,-2.163335829973220825e-01,-1.215534508228302002e-01,1.090085133910179138e-01,-3.251626491546630859e-01,1.836763620376586914e-01,1.874423325061798096e-01,8.463612943887710571e-02,-6.483851373195648193e-02,-4.925722181797027588e-01,7.478235661983489990e-02,2.929925620555877686e-01,-2.377453446388244629e-01,3.204231560230255127e-01,5.367043893784284592e-03,2.779941856861114502e-01,3.541488945484161377e-01,-2.568259835243225098e-02,2.385455742478370667e-02,-9.335161000490188599e-02,5.080359056591987610e-03,-4.108722135424613953e-02,-1.519323438405990601e-01,-4.132922887802124023e-01,-3.470726013183593750e-01,-1.811611652374267578e-01,-2.818008065223693848e-01,-4.236015491187572479e-03,-4.432559013366699219e-02,-2.042371779680252075e-01,3.618986904621124268e-01,1.268237978219985962e-01,-5.196090042591094971e-02,-2.559134364128112793e-01,-9.394764155149459839e-02,3.305374085903167725e-02,2.675363421440124512e-01,-1.982997655868530273e-01
1.405563354492187500e-01,-1.277126558125019073e-02,2.766381949186325073e-02,2.725693583488464355e-01,-3.524931669235229492e-01,-2.166808545589447021e-01,5.740135163068771362e-02,3.364339172840118408e-01,3.124155700206756592e-01,7.228679955005645752e-02,-3.633174598217010498e-01,1.328993439674377441e-01,-1.683247834444046021e-01,-6.931244581937789917e-02,-4.463906958699226379e-02,1.199941635131835938e-01,1.043175682425498962e-01,-1.456449329853057861e-01,2.147806733846664429e-01,-3.456568717956542969e-01,7.099246233701705933e-02,-1.056707277894020081e-02,1.585064083337783813e-01,8.836598694324493408e-02,-1.257589906454086304e-01,4.761585295200347900e-01,-5.423501878976821899e-02,8.191964030265808105e-02,-9.121997654438018799e-02,1.115208640694618225e-01,1.153256818652153015e-01,-1.372291054576635361e-02,9.485741145908832550e-03,3.839814453385770321e-04,5.188668966293334961e-01,2.507586777210235596e-02,-4.286148771643638611e-02,-1.415178775787353516e-01,-1.362102627754211426e-01,1.425277292728424072e-01,3.658111393451690674e-01,-8.936363458633422852e-02,2.311933934688568115e-01,3.779619038105010986e-01,-2.807744145393371582e-01,2.872694730758666992e-01,-6.313328146934509277e-01,-2.515174746513366699e-01,-2.068503648042678833e-01,-3.855417966842651367e-01,-3.202640712261199951e-01,-6.232798472046852112e-02,-2.375171333551406860e-01,-3.648123145103454590e-01,-5.532894730567932129e-01,5.806600302457809448e-02,-1.229602098464965820e-01,-3.642202913761138916e-01,-4.491104558110237122e-02,1.999578438699245453e-02,2.188833355903625488e-01,4.659088850021362305e-01,-1.373181194067001343e-01,8.310895413160324097e-02,1.991797089576721191e-01,-2.997743524610996246e-02,-2.032419666647911072e-02,-2.140786349773406982e-01,-1.674353778362274170e-01,-3.127008378505706787e-01,3.072730600833892822e-01,6.215733885765075684e-01,-1.375892609357833862e-01,2.156383842229843140e-01,-3.264036774635314941e-01,-3.745784461498260498e-01,3.646126985549926758e-01,3.864138722419738770e-01,-9.750859439373016357e-02,3.072038292884826660e-01,-4.908503293991088867e-01,-8.938094228506088257e-02,9.970449656248092651e-02,5.220976471900939941e-02,2.043797522783279419e-01,2.511016130447387695e-01,5.276205539703369141e-01,3.794969618320465088e-01,-2.504760026931762695e-01,-2.644864618778228760e-01,2.206775099039077759e-01,3.379238545894622803e-01,-1.744964718818664551e-01,1.094499379396438599e-01,7.223011553287506104e-02,3.223507106304168701e-01,3.192248940467834473e-01,-3.866505324840545654e-01,4.700289294123649597e-02,1.291658878326416016e-01
-2.721729278564453125e-01,5.692317336797714233e-02,-2.472036927938461304e-01,-3.720563948154449463e-01,-1.611922979354858398e-01,-2.257412672042846680e-01,-4.563385248184204102e-02,3.161254525184631348e-02,2.239000648260116577e-01,2.294074445962905884e-01,-4.366508498787879944e-02,-4.890539497137069702e-02,1.333117485046386719e-01,-2.400757670402526855e-01,-2.586084008216857910e-01,9.372337162494659424e-02,-2.677080333232879639e-01,1.664206013083457947e-02,-2.111649811267852783e-01,-2.548103630542755127e-01,1.051025167107582092e-01,-2.110685035586357117e-02,-1.055821180343627930e-01,8.308667689561843872e-02,5.146472156047821045e-02,-9.679881623014807701e-04,1.767580211162567139e-01,1.495707929134368896e-01,-1.855092048645019531e-01,3.621399402618408203e-01,-3.711633384227752686e-01,-9.458925575017929077e-03,5.954186245799064636e-02,7.047122716903686523e-02,-1.748859882354736328e-01,2.297849655151367188e-01,-2.360573224723339081e-02,-1.021145060658454895e-01,-2.447215914726257324e-01,-1.768062114715576172e-01,2.341157495975494385e-01,3.190887570381164551e-01,-1.854137033224105835e-01,-7.269949465990066528e-02,1.226780861616134644e-01,-1.755968630313873291e-01,1.421186327934265137e-01,-1.575324237346649170e-01,4.583078920841217041e-01,1.445764303207397461e-01,-5.265863239765167236e-02,1.545587331056594849e-01,3.391452431678771973e-01,-3.279266413301229477e-03,3.756509423255920410e-01,-1.960819959640502930e-01,-2.256590127944946289e-01,2.027783095836639404e-01,-6.437236815690994263e-02,-5.441570654511451721e-02,1.362646073102951050e-01,-1.153593137860298157e-01,-1.671680361032485962e-01,3.385636508464813232e-01,1.677826792001724243e-02,3.360701501369476318e-01,1.679245978593826294e-01,2.382809817790985107e-01,1.576202064752578735e-01,1.904106289148330688e-01,3.200361132621765137e-02,1.413498260080814362e-02,-9.345231205224990845e-02,2.020799070596694946e-01,-1.088322773575782776e-01,1.154940724372863770e-01,-3.232187405228614807e-02,-1.879334449768066406e-01,-2.851488292217254639e-01,1.702967844903469086e-02,1.078733950853347778e-01,1.667627990245819092e-01,9.429202973842620850e-02,-1.340038776397705078e-01,-4.072954952716827393e-01,-1.905790157616138458e-02,7.318066805601119995e-02,2.903810441493988037e-01,8.479847013950347900e-02,-7.439390569925308228e-02,3.346706330776214600e-01,3.510048612952232361e-02,-2.744013965129852295e-01,-2.500540390610694885e-02,3.865869045257568359e-01,-2.136536985635757446e-01,-9.654403477907180786e-02,9.640908986330032349e-02,1.635556071996688843e-01,-1.081943735480308533e-01
4.624066352844238281e-01,-4.520832896232604980e-01,-1.305854171514511108e-01,1.653611846268177032e-02,-1.923721283674240112e-01,2.224074155092239380e-01,8.365377187728881836e-01,-2.533208727836608887e-01,1.510956287384033203e-01,-4.351400732994079590e-01,7.322180084884166718e-03,-6.849376559257507324e-01,1.162024617195129395e+00,1.131711006164550781e+00,3.794673085212707520e-01,3.232746422290802002e-01,-2.923402786254882812e-01,-5.231066942214965820e-01,-7.779596000909805298e-02,-2.338735610246658325e-01,-1.826476752758026123e-01,3.085960745811462402e-01,-4.628539085388183594e-03,-6.828359961509704590e-01,4.222126007080078125e-01,2.063145674765110016e-02,7.457881569862365723e-01,3.875537216663360596e-01,-4.190231263637542725e-01,7.329138517379760742e-01,-5.550263524055480957e-01,-1.286906898021697998e-01,2.690541148185729980e-01,5.017108842730522156e-02,-1.286256760358810425e-01,-7.753779292106628418e-01,-3.930971026420593262e-01,9.689421951770782471e-02,1.826859414577484131e-01,3.559496700763702393e-01,-2.181738317012786865e-01,-1.673659086227416992e-01,-1.117634549736976624e-01,-4.858439862728118896e-01,-9.955555200576782227e-01,-2.182894945144653320e-01,-7.751084566116333008e-01,8.040510416030883789e-01,-4.237906336784362793e-01,3.165800571441650391e-01,5.386519432067871094e-01,-3.145201504230499268e-01,-9.045888781547546387e-01,-4.682944416999816895e-01,-2.160853445529937744e-01,7.221218943595886230e-01,7.418545484542846680e-01,-1.940491646528244019e-01,2.332543432712554932e-01,6.171606853604316711e-02,4.685703217983245850e-01,3.458763957023620605e-01,2.496283352375030518e-01,8.222777247428894043e-01,9.326286315917968750e-01,-1.807026416063308716e-01,6.049804762005805969e-02,-3.520087599754333496e-01,-1.791569739580154419e-01,-1.454173773527145386e-01,1.028685569763183594e+00,2.911871075630187988e-01,-8.949615806341171265e-02,-4.324078559875488281e-01,-2.197253704071044922e-01,-9.115666151046752930e-01,4.483928158879280090e-02,-3.343795239925384521e-01,6.432437896728515625e-01,1.824463307857513428e-01,-3.970295786857604980e-01,1.649044007062911987e-01,3.131197988986968994e-01,-3.946143984794616699e-01,-2.154468595981597900e-01,9.150950312614440918e-01,-1.337997019290924072e-01,-1.090338706970214844e+00,-4.061479493975639343e-02,2.583963274955749512e-01,-1.505344361066818237e-01,-7.503670454025268555e-01,-5.461798906326293945e-01,-8.286037445068359375e-01,6.510710716247558594e-01,1.188466325402259827e-01,-1.789697110652923584e-01,-5.545140504837036133e-01,5.272213220596313477e-01,3.209906518459320068e-01
7.347882539033889771e-02,-1.803281018510460854e-03,2.422845214605331421e-01,3.570837080478668213e-01,4.563348293304443359e-01,2.950465381145477295e-01,1.610422432422637939e-01,4.266588985919952393e-01,-3.432402610778808594e-01,-4.282424747943878174e-01,-2.217933386564254761e-01,-2.923646867275238037e-01,3.021007180213928223e-01,1.880011260509490967e-01,2.756577730178833008e-01,-4.662599861621856689e-01,9.483935683965682983e-02,1.475728955119848251e-02,4.386187493801116943e-01,3.974996507167816162e-01,-8.426202088594436646e-02,3.465788364410400391e-01,3.504045307636260986e-01,-2.489279396831989288e-02,1.089678332209587097e-01,1.912950351834297180e-02,-2.530953846871852875e-02,2.271522134542465210e-01,-1.408823877573013306e-01,-1.304881125688552856e-01,4.896657764911651611e-01,-1.725751906633377075e-01,-2.579945921897888184e-01,-3.937096297740936279e-01,-9.054763615131378174e-02,-3.637700080871582031e-01,1.758890430210158229e-04,1.449408531188964844e-01,1.276425570249557495e-01,8.615708351135253906e-02,-2.832072973251342773e-02,-1.242878567427396774e-02,4.552736580371856689e-01,1.089750900864601135e-01,1.743046194314956665e-01,-4.495935142040252686e-01,-3.756742458790540695e-03,1.817563027143478394e-01,-4.405869543552398682e-01,6.574697047472000122e-02,-1.068772226572036743e-01,8.602176606655120850e-02,2.022534310817718506e-01,-4.196190536022186279e-01,-4.255811572074890137e-01,4.483593404293060303e-01,1.712902635335922241e-01,-2.894332110881805420e-01,-3.898443877696990967e-01,-5.286480765789747238e-03,-4.957593381404876709e-01,1.466790884733200073e-01,2.286271192133426666e-02,2.924354076385498047e-01,1.464244276285171509e-01,-4.966891109943389893e-01,-4.613992869853973389e-01,-3.392341732978820801e-01,-1.079904064536094666e-01,-3.867240548133850098e-01,-3.484871387481689453e-01,-3.883919119834899902e-01,-3.313922286033630371e-01,-6.478863209486007690e-02,3.645860850811004639e-01,1.605190709233283997e-02,1.211891397833824158e-01,-8.608130738139152527e-03,2.852170765399932861e-01,1.104129180312156677e-01,-1.528020352125167847e-01,-9.957426227629184723e-03,-2.915446460247039795e-01,3.756252229213714600e-01,2.795129716396331787e-01,2.206110022962093353e-02,2.489266097545623779e-01,2.789152041077613831e-02,3.569206967949867249e-02,7.784543633460998535e-01,-2.953566610813140869e-01,8.709748834371566772e-02,1.000599041581153870e-01,-4.787215292453765869e-01,-5.354077816009521484e-01,1.381531171500682831e-02,1.595742441713809967e-02,8.828542381525039673e-02,5.983265116810798645e-02,-1.851028203964233398e-01
3.206836879253387451e-01,3.888229429721832275e-01,1.076640337705612183e-01,2.132101804018020630e-01,3.526243567466735840e-01,1.576217561960220337e-01,2.888362109661102295e-01,-2.372680008411407471e-01,-3.908829092979431152e-01,-3.860810101032257080e-01,1.935116648674011230e-01,-8.458617329597473145e-02,1.636213660240173340e-01,-1.620859466493129730e-02,5.988566577434539795e-02,1.078596524894237518e-02,1.709176599979400635e-01,1.904898434877395630e-01,2.587872445583343506e-01,4.094198644161224365e-01,-3.453954160213470459e-01,-1.098744049668312073e-01,1.810235828161239624e-01,-6.897632777690887451e-02,2.367084026336669922e-01,-5.548574775457382202e-02,-7.120866328477859497e-02,-1.666720658540725708e-01,6.336640566587448120e-02,-2.288805693387985229e-01,-1.444444507360458374e-01,-1.507868915796279907e-01,7.478892803192138672e-04,-1.914920061826705933e-01,-1.217953711748123169e-01,-2.436773478984832764e-01,-3.134833648800849915e-02,-1.494770348072052002e-01,6.289356350898742676e-01,-4.612823203206062317e-02,-1.280928105115890503e-01,-2.151052094995975494e-02,-9.828186780214309692e-02,9.276280552148818970e-02,2.158430963754653931e-02,7.323374506086111069e-03,2.476512491703033447e-01,6.416293233633041382e-02,-8.895174413919448853e-02,-6.065727770328521729e-02,3.029942512512207031e-02,-5.515866354107856750e-02,-9.620092064142227173e-02,-5.358830466866493225e-02,-1.221188530325889587e-02,4.335381090641021729e-01,8.597391843795776367e-02,-1.171082109212875366e-01,-7.249416410923004150e-02,-1.517609804868698120e-01,-2.713727056980133057e-01,-4.723569378256797791e-02,9.480105340480804443e-02,-2.624209821224212646e-01,1.987019181251525879e-01,-4.327766597270965576e-01,-2.887126803398132324e-01,9.967625141143798828e-02,-1.785228252410888672e-01,1.299576610326766968e-01,-1.266831457614898682e-01,-1.593488007783889771e-01,4.333614930510520935e-02,-2.354739904403686523e-01,2.019591927528381348e-01,1.578761264681816101e-02,-3.189024282619357109e-03,9.755005687475204468e-02,2.353225052356719971e-01,-2.222019135951995850e-01,-4.886185005307197571e-02,-3.490965440869331360e-02,-7.511818408966064453e-02,-1.223409250378608704e-01,1.192380487918853760e-01,-2.947360873222351074e-01,-3.402421474456787109e-01,-2.898429036140441895e-01,-1.970141977071762085e-01,-1.095399484038352966e-01,-4.169032275676727295e-01,-2.521161735057830811e-01,5.452129840850830078e-01,-2.077062278985977173e-01,-5.004748702049255371e-01,5.613267049193382263e-02,-1.893206089735031128e-01,1.213552802801132202e-01,-1.001916378736495972e-01,-1.308403462171554565e-01
2.142061144113540649e-01,1.466132849454879761e-01,7.744918763637542725e-02,-3.304586410522460938e-01,-2.746849358081817627e-01,5.247133597731590271e-02,1.187927126884460449e-01,-3.399512767791748047e-01,5.383745431900024414e-01,3.106646835803985596e-01,2.921789288520812988e-01,-2.752619385719299316e-01,9.813345223665237427e-02,5.889963507652282715e-01,1.886776238679885864e-01,8.850340545177459717e-02,5.321048945188522339e-02,1.510072350502014160e-01,-1.877360343933105469e-01,-2.713532000780105591e-02,1.561677157878875732e-01,-1.114076897501945496e-01,1.780180931091308594e-01,3.679225742816925049e-01,5.083393305540084839e-02,-3.590049445629119873e-01,-3.677831590175628662e-02,-3.307552039623260498e-01,-1.010652706027030945e-01,-1.389229744672775269e-01,4.346451163291931152e-01,-3.316261768341064453e-01,1.287637948989868164e-01,3.430201411247253418e-01,1.037661507725715637e-01,1.175190955400466919e-01,-1.510107144713401794e-02,5.490449070930480957e-01,-2.890488803386688232e-01,2.154477499425411224e-02,-1.889958977699279785e-01,-2.228783220052719116e-01,1.062917709350585938e-01,4.000667631626129150e-01,2.227387018501758575e-02,-2.477715164422988892e-01,9.569388628005981445e-02,-2.341010272502899170e-01,-3.187306225299835205e-01,6.444369256496429443e-02,-1.299940198659896851e-01,-2.799915373325347900e-01,1.255799531936645508e-01,7.663505524396896362e-02,-1.326113343238830566e-01,-2.871970236301422119e-01,4.817562699317932129e-01,-2.055933922529220581e-01,8.226861804723739624e-02,-1.597705483436584473e-01,4.458244740962982178e-01,3.246762752532958984e-01,4.900765046477317810e-02,-1.745581328868865967e-01,-2.202993929386138916e-01,1.016815155744552612e-01,1.644550450146198273e-02,-4.081141352653503418e-01,1.082942262291908264e-01,6.858549546450376511e-03,-6.234918534755706787e-02,1.817843616008758545e-01,1.228928416967391968e-01,-2.881539165973663330e-01,1.138371527194976807e-01,-1.487015467137098312e-02,1.845141500234603882e-01,1.717313826084136963e-01,-2.221571654081344604e-01,-2.232516929507255554e-02,-9.342295676469802856e-02,-8.352343924343585968e-03,-1.831928193569183350e-01,2.650192975997924805e-01,-1.841917484998703003e-01,2.779135107994079590e-01,2.891544997692108154e-01,-1.341437548398971558e-01,-3.725356981158256531e-02,1.428851932287216187e-01,-2.524105906486511230e-01,1.350672990083694458e-01,-1.882415264844894409e-02,1.746432110667228699e-02,1.558062285184860229e-01,3.287772834300994873e-01,2.396979331970214844e-01,-1.081144958734512329e-01,-4.108731746673583984e-01,2.872648537158966064e-01
-1.745401322841644287e-01,-4.327137768268585205e-02,5.151506662368774414e-01,5.504401400685310364e-02,2.098781466484069824e-01,2.807389246299862862e-03,2.070715129375457764e-01,-1.124252453446388245e-01,5.472903251647949219e-01,4.495200514793395996e-02,-4.611969739198684692e-02,5.302484035491943359e-01,-1.094805821776390076e-01,-6.003855168819427490e-02,-6.656686216592788696e-02,7.028546333312988281e-01,-3.464380800724029541e-01,2.738260105252265930e-02,2.428577989339828491e-01,2.713810205459594727e-01,2.301309853792190552e-01,2.033601403236389160e-01,1.193968579173088074e-01,2.945904135704040527e-01,-1.234239861369132996e-01,3.217385411262512207e-01,-3.533133566379547119e-01,-2.996184229850769043e-01,2.795627415180206299e-01,1.723519153892993927e-02,1.439970731735229492e-01,2.831593155860900879e-01,1.971506029367446899e-01,3.769864737987518311e-01,-2.129011750221252441e-01,-2.360367774963378906e-01,2.727754712104797363e-01,-3.452895283699035645e-01,-2.430606782436370850e-01,-1.922632940113544464e-02,6.653149425983428955e-02,-6.615044176578521729e-02,-5.623631477355957031e-01,-3.586477041244506836e-02,-4.325801134109497070e-01,1.539260447025299072e-01,-9.750167280435562134e-02,2.904785275459289551e-01,-1.499433666467666626e-01,4.048380553722381592e-01,4.020770490169525146e-01,-2.025350034236907959e-01,-1.772491037845611572e-01,1.401421874761581421e-01,7.479131221771240234e-03,6.374825257807970047e-03,5.894258618354797363e-02,2.191505730152130127e-01,6.007733345031738281e-01,5.962132662534713745e-02,1.945615708827972412e-01,-1.993038207292556763e-01,2.593716382980346680e-01,-8.674009889364242554e-02,-8.382970467209815979e-03,-1.826263964176177979e-01,-1.553085148334503174e-01,1.473964452743530273e-01,-5.032648332417011261e-04,4.288294166326522827e-02,-1.832717508077621460e-01,-2.437423765659332275e-01,2.060029953718185425e-01,-2.988741993904113770e-01,-1.443619430065155029e-01,-6.130416318774223328e-02,5.063276737928390503e-02,1.924399435520172119e-01,-1.815580278635025024e-01,8.909086883068084717e-02,3.989733159542083740e-01,5.640149116516113281e-02,-2.318621426820755005e-02,-1.196011677384376526e-01,-2.251352071762084961e-01,-4.215712845325469971e-01,-2.061683386564254761e-01,-4.245349392294883728e-02,1.989375799894332886e-01,1.127370372414588928e-01,2.456492036581039429e-01,9.306818991899490356e-02,-1.156287044286727905e-01,2.753740549087524414e-01,3.015528321266174316e-01,3.243639469146728516e-01,1.027956977486610413e-01,-5.690339952707290649e-03,2.181851118803024292e-01,3.940331637859344482e-01
1.475451141595840454e-01,2.059709578752517700e-01,2.730129659175872803e-01,-7.815482094883918762e-03,-8.630231022834777832e-02,3.507961332798004150e-01,7.520791143178939819e-02,1.203000321984291077e-01,-1.122641712427139282e-01,7.208314538002014160e-02,1.032392159104347229e-01,-2.141790241003036499e-01,3.613180518150329590e-01,4.001500606536865234e-01,6.384843587875366211e-02,-1.793612092733383179e-01,-4.005073755979537964e-02,1.527125686407089233e-01,8.165629208087921143e-02,1.168214604258537292e-01,5.812644958496093750e-02,3.841057419776916504e-01,6.989157199859619141e-02,1.054435297846794128e-01,-1.462473440915346146e-02,-5.147557258605957031e-01,-3.942163586616516113e-01,9.748112410306930542e-02,9.827332198619842529e-02,1.142636835575103760e-01,3.379811048507690430e-01,-3.782998919486999512e-01,-8.859372138977050781e-02,1.855146437883377075e-01,-1.984118968248367310e-01,-7.502039521932601929e-02,-2.951578795909881592e-01,-7.553158700466156006e-02,-2.581985294818878174e-02,3.295651376247406006e-01,1.041430905461311340e-01,-3.610912263393402100e-01,3.229294717311859131e-01,3.522928357124328613e-01,-1.203355863690376282e-01,7.244742661714553833e-02,1.538505703210830688e-01,-3.780458867549896240e-01,-1.751474142074584961e-01,-1.391453146934509277e-01,8.557455241680145264e-02,-9.599308669567108154e-02,6.339433044195175171e-02,-6.896726787090301514e-02,2.895785868167877197e-02,1.042624861001968384e-01,-1.283442135900259018e-02,-3.793103098869323730e-01,-2.259676605463027954e-01,9.640476107597351074e-02,-1.929636672139167786e-02,3.258761763572692871e-01,-3.589755669236183167e-02,2.918318212032318115e-01,2.904897332191467285e-01,7.858782261610031128e-02,1.486261934041976929e-01,-1.895341575145721436e-01,-7.432361692190170288e-02,6.308931857347488403e-02,-2.950711250305175781e-01,3.309729993343353271e-01,5.058796331286430359e-02,-4.306480586528778076e-01,5.453972220420837402e-01,-1.720853596925735474e-01,1.725982427597045898e-01,-1.202918663620948792e-01,7.487947493791580200e-02,2.809500321745872498e-02,-7.889288663864135742e-02,-1.481083035469055176e-01,-1.973837018013000488e-01,5.187064409255981445e-02,2.204662561416625977e-01,9.481021016836166382e-02,-6.573114544153213501e-02,-6.066578254103660583e-02,8.919338881969451904e-02,-1.598719693720340729e-02,-9.554564952850341797e-02,3.635229766368865967e-01,2.124420404434204102e-01,-2.247910946607589722e-01,-4.037587940692901611e-01,-6.792310625314712524e-02,-2.303127944469451904e-02,2.360232174396514893e-01,-3.088699579238891602e-01,-1.790166050195693970e-01
3.645158708095550537e-01,1.377726048231124878e-01,3.725312650203704834e-01,2.882535159587860107e-01,-3.530518412590026855e-01,-6.355714797973632812e-01,1.074229925870895386e-01,-6.114271283149719238e-01,1.630183309316635132e-01,-7.735774517059326172e-01,5.544424057006835938e-01,4.496335983276367188e-02,-3.700713217258453369e-01,-8.558166027069091797e-02,4.054012894630432129e-01,1.433545649051666260e-01,6.323148608207702637e-01,-1.929653063416481018e-02,7.560619711875915527e-02,-9.430497884750366211e-03,1.978537440299987793e-01,-3.089445531368255615e-01,-1.509244441986083984e-01,-7.638489007949829102e-01,-2.226601988077163696e-01,1.454169154167175293e-01,-1.872041672468185425e-01,5.343920588493347168e-01,3.059136494994163513e-02,-2.717329263687133789e-01,5.745412111282348633e-01,5.112985372543334961e-01,-2.610865831375122070e-01,2.619687318801879883e-01,-4.489421844482421875e-03,4.040521681308746338e-01,3.285632133483886719e-01,2.991743087768554688e-01,3.990804553031921387e-01,-8.083683848381042480e-01,-1.900716274976730347e-01,5.039781332015991211e-01,-8.652508258819580078e-02,2.643677406013011932e-02,3.000386953353881836e-01,3.119209706783294678e-01,-6.145553290843963623e-02,1.289570927619934082e-01,3.182795364409685135e-03,-3.550322726368904114e-02,-1.569697633385658264e-02,-4.823349714279174805e-01,-9.613609313964843750e-02,4.880271553993225098e-01,2.457334250211715698e-01,4.078010320663452148e-01,-1.470879167318344116e-01,3.549805879592895508e-01,4.175118356943130493e-02,2.880505919456481934e-01,4.610699415206909180e-01,-4.713106155395507812e-01,6.143816709518432617e-01,-5.383884906768798828e-01,2.289297580718994141e-01,-9.896628856658935547e-01,-4.165743887424468994e-01,8.342503756284713745e-02,-4.663967490196228027e-01,-4.552694559097290039e-01,3.751893043518066406e-01,-7.148858625441789627e-03,-2.240794003009796143e-01,-3.858915865421295166e-01,-2.298906892538070679e-01,3.314615488052368164e-01,-9.755478799343109131e-02,-9.563401341438293457e-02,2.776269987225532532e-02,1.505272686481475830e-01,7.170141488313674927e-02,-4.349359869956970215e-01,-6.460081785917282104e-02,1.020754873752593994e-01,-1.528417915105819702e-01,-3.879134953022003174e-01,-7.479152083396911621e-02,-4.972305297851562500e-01,3.438118994235992432e-01,-3.273254334926605225e-01,-2.855297327041625977e-01,-6.198571920394897461e-01,2.610751390457153320e-01,4.088688790798187256e-01,-8.534811437129974365e-02,1.592867225408554077e-01,-1.311948299407958984e-01,-3.522078096866607666e-01,5.968345999717712402e-01,6.823983788490295410e-02
-3.634429872035980225e-01,7.710120826959609985e-02,2.197888940572738647e-01,-3.578696548938751221e-01,2.103006094694137573e-01,1.810776293277740479e-01,-4.049682244658470154e-02,-6.705062836408615112e-02,6.847032904624938965e-02,3.550952672958374023e-01,-1.380608677864074707e-01,-1.731470078229904175e-01,2.098452448844909668e-01,1.470845490694046021e-01,-5.124200135469436646e-02,-4.124059677124023438e-01,4.498045518994331360e-02,1.809851825237274170e-01,7.901287078857421875e-02,-2.496433258056640625e-01,9.482742846012115479e-02,3.578384518623352051e-01,-1.611745804548263550e-01,2.682598531246185303e-01,-1.529420167207717896e-01,-4.632472246885299683e-02,2.848865687847137451e-01,1.332659181207418442e-02,-1.404248774051666260e-01,3.478024303913116455e-01,-4.206385929137468338e-03,1.188197806477546692e-01,7.093477994203567505e-02,2.028169631958007812e-01,-1.463668327778577805e-02,2.489905506372451782e-01,2.946412861347198486e-01,1.408602744340896606e-01,-3.220253884792327881e-01,3.321850597858428955e-01,-6.987771950662136078e-03,5.401671305298805237e-02,2.767374180257320404e-02,-8.544769138097763062e-02,8.584621548652648926e-02,8.753315359354019165e-02,3.488010168075561523e-01,-1.949475109577178955e-01,1.690239831805229187e-02,-2.537737190723419189e-01,6.309507787227630615e-02,-4.269418418407440186e-01,2.305976450443267822e-01,1.438221335411071777e-01,2.087474763393402100e-01,-1.362858265638351440e-01,-5.320490896701812744e-02,-2.720122039318084717e-01,-2.623531408607959747e-02,-1.004547104239463806e-01,2.026712745428085327e-01,-4.766708016395568848e-01,-1.399319767951965332e-01,9.818298369646072388e-02,4.010165482759475708e-02,1.207036338746547699e-02,2.699273824691772461e-01,-2.514003515243530273e-01,2.387773059308528900e-02,6.058132275938987732e-02,-7.084378600120544434e-02,-2.546122856438159943e-02,-6.499608280137181282e-04,-1.218005716800689697e-01,3.729416728019714355e-01,-3.465235233306884766e-02,-1.535471081733703613e-01,-6.809598952531814575e-02,-2.726862728595733643e-01,1.382543444633483887e-01,1.744942814111709595e-01,-3.048960268497467041e-01,-1.647321879863739014e-01,-2.359671890735626221e-01,-2.681638002395629883e-01,8.599711954593658447e-02,-1.305360645055770874e-01,3.192026317119598389e-01,3.950708508491516113e-01,2.039656788110733032e-01,-8.656493574380874634e-02,3.458253294229507446e-02,-3.951745927333831787e-01,1.293405592441558838e-01,-4.405643045902252197e-02,-2.148263007402420044e-01,5.780288204550743103e-02,1.066713780164718628e-01,1.317609939724206924e-02,-2.428236603736877441e-01
2.258931845426559448e-01,1.036526486277580261e-01,-1.911025047302246094e-01,3.743749856948852539e-01,3.580710291862487793e-01,4.173584580421447754e-01,1.386445164680480957e-01,9.701301902532577515e-02,-4.400181770324707031e-01,-1.925240457057952881e-01,-2.701383829116821289e-02,1.620422899723052979e-01,-7.527037709951400757e-02,1.807608157396316528e-01,-4.548167884349822998e-01,-1.192854940891265869e-01,2.478522956371307373e-01,-1.012734547257423401e-01,1.449247896671295166e-01,1.736883968114852905e-01,-1.534235775470733643e-01,-2.009676843881607056e-01,-7.557227462530136108e-02,-2.628677189350128174e-01,6.635054945945739746e-02,2.270355671644210815e-01,-1.976712793111801147e-01,-3.535337746143341064e-01,2.654297053813934326e-01,-1.747311651706695557e-02,-2.313985228538513184e-01,-2.519282102584838867e-01,-7.296864688396453857e-02,-2.684534192085266113e-01,2.174085527658462524e-01,-2.055697888135910034e-01,5.847997590899467468e-02,1.648488640785217285e-02,3.843072652816772461e-01,-1.050399150699377060e-02,-1.116236001253128052e-01,-9.351843595504760742e-02,2.291036695241928101e-01,-1.694065481424331665e-01,-1.596788614988327026e-01,1.539172977209091187e-01,9.625940769910812378e-02,2.063430994749069214e-01,-1.700082421302795410e-02,1.509829610586166382e-01,-1.996799856424331665e-01,2.462570667266845703e-01,-1.815955042839050293e-01,-2.027469277381896973e-01,-4.450228810310363770e-01,1.678883447311818600e-03,2.745674848556518555e-01,1.923433542251586914e-01,-5.718627013266086578e-03,1.014091372489929199e-01,-3.714816570281982422e-01,1.238178089261054993e-02,3.407656028866767883e-02,-8.210907690227031708e-03,-1.701922565698623657e-01,1.026286929845809937e-01,-3.523706197738647461e-01,2.326362580060958862e-01,-1.829180717468261719e-01,2.607301473617553711e-01,1.206074133515357971e-01,-9.130931645631790161e-02,1.647281199693679810e-01,9.784728288650512695e-02,-2.973396778106689453e-01,-3.791708499193191528e-02,1.643272191286087036e-01,3.320722281932830811e-01,4.464976489543914795e-01,8.869491517543792725e-02,-2.417109459638595581e-01,7.010559737682342529e-02,-6.589730083942413330e-02,-3.679506480693817139e-02,1.081702411174774170e-01,-1.621295511722564697e-01,-9.340704977512359619e-02,-2.873975336551666260e-01,-7.872852683067321777e-01,-1.409623473882675171e-01,-1.325107067823410034e-01,-1.512372493743896484e-01,4.315216839313507080e-01,-2.053147852420806885e-01,-8.123173564672470093e-02,-7.374526560306549072e-02,-1.760434359312057495e-01,7.746892422437667847e-02,1.287426203489303589e-01,-4.219969734549522400e-02
-1.980922669172286987e-01,4.382834210991859436e-02,-3.824085593223571777e-01,1.595534197986125946e-02,3.902360200881958008e-01,5.760039687156677246e-01,-1.202293038368225098e-01,-2.962471731007099152e-02,-1.233594790101051331e-01,-1.685932651162147522e-02,-1.882213540375232697e-02,1.581116169691085815e-01,3.092052042484283447e-01,3.456728756427764893e-01,-3.810903728008270264e-01,-1.282853484153747559e-01,3.195017278194427490e-01,-3.433514535427093506e-01,-2.090039998292922974e-01,2.154668718576431274e-01,-5.314191058278083801e-02,5.768976360559463501e-02,-2.565996646881103516e-01,-1.079105865210294724e-02,-2.476230561733245850e-01,-3.398742526769638062e-02,-4.178873598575592041e-01,-1.457387506961822510e-01,3.533007204532623291e-01,2.942662835121154785e-01,1.170733477920293808e-02,-2.496922165155410767e-01,1.212376281619071960e-01,2.012103497982025146e-01,-1.371768862009048462e-01,3.910696133971214294e-02,1.155634894967079163e-01,-4.429669678211212158e-01,-1.646651625633239746e-01,2.768223285675048828e-01,-2.775608189404010773e-02,6.577096879482269287e-02,3.354779481887817383e-01,3.226321339607238770e-01,-1.858092099428176880e-01,-5.539740249514579773e-02,-2.946687638759613037e-01,-9.705242514610290527e-02,-2.123377472162246704e-01,2.161971181631088257e-01,-1.857882291078567505e-01,3.215401470661163330e-01,1.990090757608413696e-01,-1.156761124730110168e-01,1.325726360082626343e-01,-2.248344421386718750e-01,1.798446029424667358e-01,2.346958406269550323e-02,-7.660352438688278198e-02,3.790327906608581543e-02,-1.734924763441085815e-01,1.010033860802650452e-01,-1.536283195018768311e-01,2.333801239728927612e-01,-5.167402029037475586e-01,6.125957965850830078e-01,-5.175411701202392578e-03,-7.427407801151275635e-02,3.292098874226212502e-03,2.536527216434478760e-01,-3.589254915714263916e-01,1.896771788597106934e-01,4.146453738212585449e-01,2.660287916660308838e-01,-2.865261137485504150e-01,4.352038353681564331e-02,4.857505857944488525e-01,5.036726593971252441e-01,9.114722907543182373e-02,-2.252220809459686279e-01,-1.279604732990264893e-01,3.857880085706710815e-02,1.403702795505523682e-01,-1.572717428207397461e-01,-4.224551916122436523e-01,1.648613512516021729e-01,-1.595220565795898438e-01,7.991613447666168213e-02,-5.014628767967224121e-01,-2.295429259538650513e-01,1.714042425155639648e-01,9.327863156795501709e-02,1.682955622673034668e-01,-1.462677270174026489e-01,2.738981544971466064e-01,-2.549744248390197754e-01,1.062046885490417480e-01,2.196023911237716675e-01,-1.116867586970329285e-01,4.912368953227996826e-02
6.942891329526901245e-02,6.359095126390457153e-02,-5.784419775009155273e-01,-4.487589746713638306e-02,6.514348983764648438e-01,2.114701867103576660e-01,6.807053089141845703e-01,-2.730368375778198242e-01,-3.684630095958709717e-01,-5.399192571640014648e-01,-1.109208390116691589e-01,5.921308398246765137e-01,2.257377058267593384e-01,5.881891250610351562e-01,2.161290347576141357e-01,-2.448763325810432434e-02,-3.168543279170989990e-01,4.404011368751525879e-01,-4.002665877342224121e-01,-1.108707264065742493e-01,-3.387551307678222656e-01,2.239184267818927765e-02,-4.746086429804563522e-03,-3.557905852794647217e-01,-8.100176453590393066e-01,-1.596614718437194824e-01,5.783128142356872559e-01,-1.497739702463150024e-01,3.408735394477844238e-01,3.651760220527648926e-01,-6.464112997055053711e-01,9.020824730396270752e-02,-1.856952011585235596e-01,-5.046957731246948242e-01,-3.156657814979553223e-01,-4.653604924678802490e-01,-3.167603909969329834e-01,-2.166570574045181274e-01,-6.812648773193359375e-01,5.153998136520385742e-01,1.404446661472320557e-01,4.000809788703918457e-01,1.307528316974639893e-01,-7.132205963134765625e-01,-4.560989737510681152e-01,1.571630537509918213e-01,-5.027673244476318359e-01,1.835078597068786621e-01,4.823682606220245361e-01,2.980183660984039307e-01,1.872422099113464355e-01,-1.288418620824813843e-01,-2.097634673118591309e-01,3.348164260387420654e-01,-4.193598926067352295e-01,1.859858930110931396e-01,1.467370241880416870e-01,-1.450845785439014435e-02,4.353432357311248779e-01,-1.542647089809179306e-02,-3.745880126953125000e-01,-3.419619202613830566e-01,3.537711501121520996e-01,1.240295991301536560e-01,-2.934001684188842773e-01,5.953164398670196533e-02,-4.772145152091979980e-01,-3.123827576637268066e-01,-3.433318138122558594e-01,-8.003719896078109741e-02,-2.167866230010986328e-01,-1.856431812047958374e-01,-1.182355955243110657e-01,-4.013672471046447754e-01,-6.001343131065368652e-01,2.081191539764404297e-02,-1.702817827463150024e-01,-1.196985691785812378e-01,5.078486204147338867e-01,-4.741645157337188721e-01,-6.734897196292877197e-02,-3.217257931828498840e-02,4.744209349155426025e-02,6.246078014373779297e-01,3.125994503498077393e-01,-4.468099474906921387e-01,1.356423050165176392e-01,3.867401778697967529e-01,-8.600969314575195312e-01,4.335429072380065918e-01,5.066373944282531738e-01,3.459289297461509705e-02,1.490967124700546265e-01,1.508890539407730103e-01,-2.071894556283950806e-01,4.822295904159545898e-02,5.111676175147294998e-03,3.226868510246276855e-01,5.633531212806701660e-01,1.717430800199508667e-01
-1.548212468624114990e-01,-6.139791011810302734e-01,2.760776281356811523e-01,8.280275017023086548e-02,-5.403771400451660156e-01,-1.316034793853759766e-02,5.956184491515159607e-02,2.293425053358078003e-01,1.503420770168304443e-01,2.775989174842834473e-01,-3.728951215744018555e-01,-1.305086463689804077e-01,-2.788820564746856689e-01,-1.725153326988220215e-01,-5.647933855652809143e-02,-2.927697002887725830e-01,-6.371914595365524292e-02,-2.150406315922737122e-02,-4.544573128223419189e-01,-5.008552074432373047e-01,-6.050329655408859253e-02,3.958947062492370605e-01,-1.751072555780410767e-01,1.794310063123703003e-01,-4.516345858573913574e-01,1.672879010438919067e-01,-5.173347592353820801e-01,7.675898820161819458e-02,-8.103055879473686218e-03,1.181276962161064148e-01,6.579345464706420898e-02,9.783608913421630859e-01,-1.849822252988815308e-01,2.923834323883056641e-01,-5.926768481731414795e-02,2.893793582916259766e-01,-2.415956109762191772e-01,-1.089835762977600098e-01,-2.901079952716827393e-01,-3.518970608711242676e-01,2.967056334018707275e-01,4.984715953469276428e-02,7.327973097562789917e-02,4.319939017295837402e-02,-2.219389379024505615e-01,-1.544689983129501343e-01,-2.858726978302001953e-01,3.987572342157363892e-02,9.076660871505737305e-02,9.138130396604537964e-02,-1.314567178487777710e-01,2.132688909769058228e-01,5.153372883796691895e-02,-1.701964139938354492e-01,-2.046034932136535645e-01,-4.308092221617698669e-02,-2.324010133743286133e-01,6.028982400894165039e-01,-8.512988686561584473e-02,-6.410272419452667236e-02,2.618011236190795898e-01,-3.614933462813496590e-03,2.596550285816192627e-01,2.891835868358612061e-01,1.609376668930053711e-01,2.109739631414413452e-01,-4.175199866294860840e-01,-1.829693764448165894e-01,-2.372487187385559082e-01,-5.161656737327575684e-01,-1.628107950091362000e-02,2.033241987228393555e-01,-2.596581876277923584e-01,2.698618769645690918e-01,-2.826215326786041260e-01,4.580252617597579956e-02,-6.301582604646682739e-02,3.206851184368133545e-01,2.831328511238098145e-01,6.642218828201293945e-01,2.566279843449592590e-02,-7.551851123571395874e-02,1.771569997072219849e-01,-1.188993752002716064e-01,-3.694721311330795288e-02,1.671960055828094482e-01,3.057482838630676270e-01,2.539832293987274170e-01,-8.629798889160156250e-02,-1.225126683712005615e-01,1.269075572490692139e-01,-5.102422833442687988e-01,-4.563823640346527100e-01,-7.284028828144073486e-02,1.114059388637542725e-01,2.873204350471496582e-01,3.609368205070495605e-01,-2.397991567850112915e-01,5.396805405616760254e-01,5.395560860633850098e-01
-2.242637872695922852e-01,-4.609678983688354492e-01,-3.408355638384819031e-02,-2.054715156555175781e-02,-4.458921551704406738e-01,6.198980659246444702e-02,-1.949131786823272705e-01,2.481053322553634644e-01,9.387116134166717529e-02,4.146880209445953369e-01,-4.545088391751050949e-03,-1.586737632751464844e-01,7.313580065965652466e-02,-1.428290549665689468e-02,-1.366999596357345581e-01,-9.680256247520446777e-03,-2.082478255033493042e-01,-1.955263912677764893e-01,-1.507207900285720825e-01,-4.780859127640724182e-02,1.404740512371063232e-01,-6.691745668649673462e-02,-5.749702919274568558e-03,-1.643200814723968506e-01,2.109009400010108948e-02,1.054131016135215759e-01,-2.170447409152984619e-01,6.518179923295974731e-02,-1.118464916944503784e-01,6.236443519592285156e-01,4.883332177996635437e-02,-3.230854636058211327e-03,-5.520462524145841599e-03,3.922254741191864014e-01,2.190148085355758667e-01,3.370610475540161133e-01,-2.366431504487991333e-01,3.461349010467529297e-02,-5.712581872940063477e-01,-3.593110293149948120e-02,1.506910026073455811e-01,2.737029492855072021e-01,4.267949238419532776e-02,-5.844835191965103149e-02,1.800485514104366302e-02,-2.931313216686248779e-02,-2.397085726261138916e-01,-2.127386629581451416e-01,-1.750269085168838501e-01,2.868545353412628174e-01,5.433573946356773376e-02,5.896833166480064392e-02,-1.281552463769912720e-01,-3.293278813362121582e-01,1.136365830898284912e-01,-4.739065766334533691e-01,-1.502285152673721313e-01,4.145699739456176758e-01,6.113928928971290588e-02,-7.559868693351745605e-02,2.154020071029663086e-01,-2.353957854211330414e-02,-2.202479988336563110e-01,2.799692749977111816e-02,1.195277869701385498e-01,3.307327330112457275e-01,-7.774126529693603516e-02,-8.253064751625061035e-02,-1.392929553985595703e-01,-2.623299658298492432e-01,-5.725660920143127441e-02,4.716877043247222900e-01,8.645102381706237793e-02,1.946948915719985962e-01,-3.241441547870635986e-01,1.650720648467540741e-02,1.079961210489273071e-01,2.030669599771499634e-01,6.246510893106460571e-02,7.071641087532043457e-02,3.420576751232147217e-01,-1.324107199907302856e-01,4.864599555730819702e-02,-1.691463403403759003e-02,-3.412036597728729248e-01,8.782689273357391357e-02,1.263343635946512222e-02,1.266708374023437500e-01,1.474851071834564209e-01,1.967159807682037354e-01,2.075335532426834106e-01,1.992541253566741943e-01,-2.091998010873794556e-01,5.912551283836364746e-02,3.200621008872985840e-01,-1.322411596775054932e-01,1.859062165021896362e-01,5.258537456393241882e-02,1.564698526635766029e-03,2.432353496551513672e-01
1.145147439092397690e-02,-2.710218429565429688e-01,-2.572295963764190674e-01,2.352399528026580811e-01,-4.740782082080841064e-01,2.866810262203216553e-01,1.439716964960098267e-01,-1.271648555994033813e-01,-5.361478328704833984e-01,4.158102273941040039e-01,1.911287158727645874e-01,4.607952386140823364e-02,-1.052643880248069763e-01,-5.490039587020874023e-01,4.141547381877899170e-01,-7.417671382427215576e-02,7.160803675651550293e-02,-4.872295558452606201e-01,-8.651380240917205811e-02,2.274775207042694092e-01,-1.037328038364648819e-02,1.957616657018661499e-01,-1.974257677793502808e-01,-3.651399910449981689e-01,-4.895110726356506348e-01,2.790513038635253906e-01,5.705347284674644470e-03,-1.894319355487823486e-01,-5.437521934509277344e-01,1.281892955303192139e-01,-6.215960979461669922e-01,6.162698566913604736e-02,-1.079878658056259155e-01,-2.434570193290710449e-01,-2.144684642553329468e-01,2.734494805335998535e-01,1.742508560419082642e-01,2.599130272865295410e-01,3.356757760047912598e-01,4.055561423301696777e-01,-2.701988518238067627e-01,1.490015089511871338e-01,1.909932196140289307e-01,-1.931813508272171021e-01,-3.507622331380844116e-02,-1.365289986133575439e-01,2.070112973451614380e-01,-3.423290848731994629e-01,4.772798717021942139e-01,-2.742371857166290283e-01,4.373062402009963989e-02,3.385162353515625000e-01,3.545977771282196045e-01,-8.393646031618118286e-02,1.021636128425598145e+00,5.942708849906921387e-01,-1.979154720902442932e-02,-1.082968562841415405e-01,-5.008642077445983887e-01,-3.992533385753631592e-01,-1.985145211219787598e-01,2.087200619280338287e-02,7.488540410995483398e-01,-1.217769831418991089e-01,-2.982587218284606934e-01,2.186111807823181152e-01,3.479537367820739746e-01,-2.392897456884384155e-01,7.199056148529052734e-01,-1.102716252207756042e-01,1.226455792784690857e-01,4.064667820930480957e-01,-2.009234856814146042e-03,-4.784875214099884033e-01,2.903457880020141602e-01,-1.008784249424934387e-01,-3.386294096708297729e-02,-7.609801739454269409e-02,5.885100737214088440e-02,1.717483401298522949e-01,5.123702287673950195e-01,6.076547876000404358e-02,5.913246050477027893e-02,-4.832830429077148438e-01,-1.253067851066589355e-01,-2.146747857332229614e-01,6.177952885627746582e-01,2.295937240123748779e-01,-3.082358464598655701e-02,-2.209377586841583252e-01,-3.090271651744842529e-01,4.209489226341247559e-01,-4.377916082739830017e-02,-2.828544192016124725e-02,-1.448248028755187988e-01,-7.808058857917785645e-01,-5.517905354499816895e-01,-5.298739075660705566e-01,-9.232512116432189941e-02,3.405114263296127319e-02
